{
  "package": "com.jelly.farmhelperv2.mixin",
  "refmap": "mixins.${modid}.refmap.json",
  "minVersion": "0.7",
  "compatibilityLevel": "JAVA_8",
  "mixins": [
    "block.IBlockAccessor",
    "block.MixinBlockCocoa",
    "block.MixinBlockCrops",
    "block.MixinBlockMushroom",
    "block.MixinBlockNetherWart",
    "client.MixinChunk",
    "client.MixinMouse",
    "fml.MixinFMLHandshakeMessage",
    "network.MixinNetworkManager"
  ],
  "client": [
    "block.MixinBlockRendererDispatcher",
    "client.EntityPlayerSPAccessor",
    "client.MinecraftAccessor",
    "client.MixinEntityPlayerSP",
    "client.MixinKeyBinding",
    "client.MixinMinecraft",
    "client.MixinPlayerControllerMP",
    "client.MixinSoundManager",
    "gui.IGuiPlayerTabOverlayAccessor",
    "gui.MixinGuiContainer",
    "gui.MixinGuiDisconnected",
    "gui.MixinGuiEditSign",
    "gui.MixinGuiMainMenu",
    "gui.MixinGuiMultiplayer",
    "network.MixinNetHandlerPlayClient",
    "render.MixinActiveRenderInfo",
    "render.MixinEffectRenderer",
    "render.MixinEntityRenderer",
    "render.MixinModelBiped",
    "render.MixinRenderManager"
  ]
}
